<?xml version="1.0" encoding="UTF-8"?>
<project-private xmlns="http://www.netbeans.org/ns/project-private/1">
    <editor-bookmarks xmlns="http://www.netbeans.org/ns/editor-bookmarks/2" lastBookmarkId="0"/>
    <open-files xmlns="http://www.netbeans.org/ns/projectui-open-files/2">
        <group>
            <file>file:/D:/My%20World/my%20works%20-%20my%20progress/Project%20Works/Minor/Java/Calculator/Calculator/src/calculator/Calculator.java</file>
            <file>file:/D:/My%20World/my%20works%20-%20my%20progress/Project%20Works/Minor/Java/Calculator/Calculator/src/calculator/CalculateTheNumber.java</file>
        </group>
    </open-files>
</project-private>
